<?xml version="1.0" encoding="utf-8"?>
<extension type="component"
           version="3.2.0"
           method="upgrade">

	<name>XSS2RCE</name>
	<creationDate>May 2022</creationDate>
	<author>Michele Mariani ....</author>
	<authorEmail>michele@hacktivesecurity.com</authorEmail>
	<authorUrl>http://hacktivesecurity.com</authorUrl>
	<copyright>Copyright Info</copyright>
	<license>License Info</license>
	<version>0.0.1</version>
	<description>A malicious plugin for an XSS to RCE POC</description>

	<files folder="site">
		<filename>xss2rce.php</filename>
	</files>

	<administration>
		<menu link='index.php?option=com_xss2rce'>pwned!</menu>
	</administration>

</extension>